#Attributes-#Values,ExecutionTime(ms)
_U50V50,95
_U50V50,15
_U50V50,9
_U50V50,12
_U50V50,9
_U50V50,51
_U50V50,13
_U50V50,133
_U50V50,17
_U50V50,10
_U50V50,11
_U50V50,8
_U50V50,12
_U50V50,9
_U50V50,9
_U50V50,9
_U50V50,9
_U50V50,8
_U50V50,9
_U50V50,9
_U50V50,10
_U50V50,14
_U50V50,8
_U50V50,9
_U50V50,11
_U50V50,8
_U50V50,7
_U50V50,9
_U50V50,7
_U50V50,10
_U50V50,5
_U50V50,6
_U50V50,6
_U50V50,9
_U50V50,7
_U50V50,6
_U50V50,7
_U50V50,6
_U50V50,6
_U50V50,7
_U50V50,6
_U50V50,5
_U50V50,4
_U50V50,7
_U50V50,7
_U50V50,4
_U50V50,4
_U50V50,5
_U50V50,4
_U50V50,4
_U50V50,5
_U50V50,5
_U50V50,5
_U50V50,7
_U50V50,7
_U50V50,5
_U50V50,6
_U50V50,6
_U50V50,4
_U50V50,5
_U50V50,5
_U50V50,4
_U50V50,4
_U50V50,5
_U50V50,4
_U50V50,5
_U50V50,4
_U50V50,5
_U50V50,5
_U50V50,4
_U50V50,4
_U50V50,5
_U50V50,4
_U50V50,4
_U50V50,5
_U50V50,4
_U50V50,5
_U50V50,4
_U50V50,4
_U50V50,4
_U50V50,5
_U50V50,4
_U50V50,5
_U50V50,5
_U50V50,5
_U50V50,5
_U50V50,4
_U50V50,4
_U50V50,4
_U50V50,4
_U50V50,4
_U50V50,5
_U50V50,5
_U50V50,4
_U50V50,4
_U50V50,4
_U50V50,5
_U50V50,4
_U50V50,4
_U50V50,5
_U50V50,4
_U50V50,4
_U50V50,5
_U50V50,5
_U50V50,5
_U50V50,4
_U50V50,4
_U50V50,5
_U50V50,4
_U50V50,4
_U50V50,5
_U50V50,4
_U50V50,4
_U50V50,5
_U50V50,6
_U50V50,4
_U50V50,4
_U50V50,4
_U50V50,4
_U50V50,5
_U50V50,4
_U50V50,5
_U50V50,5
_U50V50,5
_U50V50,5
_U50V50,5
_U50V50,4
_U50V50,6
_U50V50,4
_U50V50,4
_U50V50,5
_U50V50,4
_U50V50,4
_U50V50,5
_U50V50,4
_U50V50,4
_U50V50,7
_U50V50,6
_U50V50,5
_U50V50,4
_U50V50,4
_U50V50,5
_U50V50,5
_U50V50,4
_U50V50,4
_U50V50,4
_U50V50,4
_U50V50,5
_U50V50,4
_U50V50,4
_U50V50,5
_U50V50,4
_U50V50,4
_U50V50,5
_U50V50,4
_U50V50,5
_U50V50,5
_U50V50,5
_U50V50,5
_U50V50,7
_U50V50,4
_U50V50,4
_U50V50,4
_U50V50,5
_U50V50,5
_U50V50,4
_U50V50,7
_U50V50,6
_U50V50,4
_U50V50,6
_U50V50,6
_U50V50,6
_U50V50,6
_U50V50,6
_U50V50,4
_U50V50,4
_U50V50,5
_U50V50,4
_U50V50,4
_U50V50,6
_U50V50,4
_U50V50,6
_U50V50,5
_U50V50,4
_U50V50,5
_U50V50,5
_U50V50,4
_U50V50,5
_U50V50,4
_U50V50,4
_U50V50,5
_U50V50,5
_U50V50,4
_U50V50,5
_U50V50,4
_U50V50,6
_U50V50,6
_U50V50,5
_U50V50,5
_U50V50,4
_U50V50,6
_U50V50,6
_U50V50,4
_U50V50,7
_U50V50,5
_U50V50,5
_U50V50,6
_U50V50,6
_U50V50,6
_U50V50,4
_U50V50,4
_U50V50,4
_U50V50,4
_U50V50,5
_U50V50,4
_U50V50,5
_U50V50,6
_U50V50,6
_U50V50,5
_U50V50,4
_U50V50,4
_U50V50,5
_U50V50,4
_U50V50,5
_U50V50,5
_U50V50,4
_U50V50,5
_U50V50,4
_U50V50,4
_U50V50,5
_U50V50,4
_U50V50,4
_U50V50,4
_U50V50,5
_U50V50,4
_U50V50,6
_U50V50,6
_U50V50,4
_U50V50,5
_U50V50,4
_U50V50,4
_U50V50,4
_U50V50,4
_U50V50,4
_U50V50,5
_U50V50,5
_U50V50,7
_U50V50,9
_U50V50,6
_U50V50,5
_U50V50,4
_U50V50,4
_U50V50,4
_U50V50,4
_U50V50,5
_U50V50,4
_U50V50,5
_U50V50,4
_U50V50,4
_U50V50,4
_U50V50,4
_U50V50,4
_U50V50,5
_U50V50,4
_U50V50,4
_U50V50,5
_U50V50,5
_U50V50,4
_U50V50,6
_U50V50,4
_U50V50,5
_U50V50,5
_U50V50,4
_U50V50,5
_U50V50,4
_U50V50,5
_U50V50,5
_U50V50,4
_U50V50,4
_U50V50,5
_U50V50,4
_U50V50,4
_U50V50,6
_U50V50,4
_U50V50,5
_U50V50,7
_U50V50,4
_U50V50,5
_U50V50,5
_U50V50,5
_U50V50,5
_U50V50,4
_U50V50,5
_U50V50,5
_U50V50,4
_U50V50,5
_U50V50,5
_U50V50,5
_U50V50,4
_U50V50,5
_U100V50,10
_U100V50,9
_U100V50,10
_U100V50,9
_U100V50,9
_U100V50,9
_U100V50,9
_U100V50,10
_U100V50,9
_U100V50,9
_U100V50,8
_U100V50,9
_U100V50,11
_U100V50,8
_U100V50,9
_U100V50,9
_U100V50,9
_U100V50,9
_U100V50,10
_U100V50,10
_U100V50,13
_U100V50,12
_U100V50,10
_U100V50,9
_U100V50,10
_U100V50,9
_U100V50,9
_U100V50,9
_U100V50,9
_U100V50,11
_U100V50,13
_U100V50,8
_U100V50,8
_U100V50,8
_U100V50,9
_U100V50,9
_U100V50,9
_U100V50,10
_U100V50,12
_U100V50,12
_U100V50,8
_U100V50,9
_U100V50,8
_U100V50,8
_U100V50,9
_U100V50,8
_U100V50,9
_U100V50,8
_U100V50,8
_U100V50,9
_U100V50,8
_U100V50,9
_U100V50,8
_U100V50,8
_U100V50,9
_U100V50,9
_U100V50,8
_U100V50,8
_U100V50,9
_U100V50,9
_U100V50,9
_U100V50,8
_U100V50,9
_U100V50,9
_U100V50,8
_U100V50,9
_U100V50,8
_U100V50,9
_U100V50,10
_U100V50,10
_U100V50,9
_U100V50,9
_U100V50,9
_U100V50,9
_U100V50,9
_U100V50,9
_U100V50,9
_U100V50,9
_U100V50,8
_U100V50,9
_U100V50,9
_U100V50,9
_U100V50,9
_U100V50,9
_U100V50,10
_U100V50,9
_U100V50,10
_U100V50,9
_U100V50,10
_U100V50,9
_U100V50,10
_U100V50,9
_U100V50,8
_U100V50,11
_U100V50,9
_U100V50,8
_U100V50,9
_U100V50,9
_U100V50,10
_U100V50,10
_U100V50,9
_U100V50,9
_U100V50,9
_U100V50,10
_U100V50,9
_U100V50,9
_U100V50,9
_U100V50,9
_U100V50,8
_U100V50,8
_U100V50,9
_U100V50,9
_U100V50,9
_U100V50,9
_U100V50,8
_U100V50,8
_U100V50,9
_U100V50,8
_U100V50,11
_U100V50,11
_U100V50,8
_U100V50,13
_U100V50,10
_U100V50,9
_U100V50,10
_U100V50,13
_U100V50,11
_U100V50,9
_U100V50,9
_U100V50,10
_U100V50,8
_U100V50,9
_U100V50,9
_U100V50,9
_U100V50,9
_U100V50,9
_U100V50,9
_U100V50,9
_U100V50,10
_U100V50,9
_U100V50,9
_U100V50,9
_U100V50,10
_U100V50,9
_U100V50,9
_U100V50,8
_U100V50,9
_U100V50,9
_U100V50,9
_U100V50,9
_U100V50,9
_U100V50,9
_U100V50,8
_U100V50,9
_U100V50,9
_U100V50,9
_U100V50,8
_U100V50,8
_U100V50,9
_U100V50,9
_U100V50,8
_U100V50,9
_U100V50,8
_U100V50,9
_U100V50,10
_U100V50,8
_U100V50,9
_U100V50,10
_U100V50,9
_U100V50,10
_U100V50,11
_U100V50,10
_U100V50,7
_U100V50,5
_U100V50,7
_U100V50,5
_U100V50,8
_U100V50,5
_U100V50,5
_U100V50,6
_U100V50,5
_U100V50,6
_U100V50,7
_U100V50,6
_U100V50,5
_U100V50,6
_U100V50,6
_U100V50,5
_U100V50,8
_U100V50,6
_U100V50,5
_U100V50,5
_U100V50,6
_U100V50,5
_U100V50,5
_U100V50,7
_U100V50,5
_U100V50,5
_U100V50,5
_U100V50,5
_U100V50,9
_U100V50,5
_U100V50,6
_U100V50,5
_U100V50,6
_U100V50,5
_U100V50,5
_U100V50,6
_U100V50,5
_U100V50,6
_U100V50,7
_U100V50,7
_U100V50,5
_U100V50,6
_U100V50,6
_U100V50,5
_U100V50,6
_U100V50,5
_U100V50,6
_U100V50,5
_U100V50,6
_U100V50,5
_U100V50,7
_U100V50,8
_U100V50,5
_U100V50,6
_U100V50,9
_U100V50,9
_U100V50,10
_U100V50,11
_U100V50,7
_U100V50,9
_U100V50,10
_U100V50,11
_U100V50,11
_U100V50,12
_U100V50,11
_U100V50,8
_U100V50,5
_U100V50,9
_U100V50,6
_U100V50,7
_U100V50,6
_U100V50,5
_U100V50,8
_U100V50,5
_U100V50,10
_U100V50,6
_U100V50,5
_U100V50,5
_U100V50,7
_U100V50,5
_U100V50,6
_U100V50,5
_U100V50,7
_U100V50,5
_U100V50,5
_U100V50,6
_U100V50,5
_U100V50,6
_U100V50,6
_U100V50,5
_U100V50,6
_U100V50,6
_U100V50,6
_U100V50,6
_U100V50,6
_U100V50,6
_U100V50,6
_U100V50,8
_U100V50,7
_U100V50,10
_U100V50,12
_U100V50,7
_U100V50,7
_U100V50,12
_U100V50,7
_U100V50,10
_U100V50,6
_U100V50,6
_U100V50,7
_U100V50,9
_U100V50,9
_U100V50,9
_U100V50,7
_U100V50,10
_U100V50,10
_U100V50,6
_U100V50,7
_U100V50,6
_U100V50,7
_U100V50,5
_U100V50,5
_U100V50,6
_U100V50,5
_U100V50,8
_U100V50,5
_U100V50,6
_U100V50,5
_U100V50,7
_U200V50,10
_U200V50,11
_U200V50,11
_U200V50,13
_U200V50,43
_U200V50,12
_U200V50,10
_U200V50,10
_U200V50,11
_U200V50,10
_U200V50,14
_U200V50,11
_U200V50,11
_U200V50,12
_U200V50,14
_U200V50,11
_U200V50,13
_U200V50,15
_U200V50,11
_U200V50,11
_U200V50,11
_U200V50,14
_U200V50,11
_U200V50,11
_U200V50,11
_U200V50,15
_U200V50,12
_U200V50,16
_U200V50,20
_U200V50,16
_U200V50,12
_U200V50,32
_U200V50,71
_U200V50,39
_U200V50,31
_U200V50,21
_U200V50,26
_U200V50,15
_U200V50,19
_U200V50,15
_U200V50,11
_U200V50,18
_U200V50,15
_U200V50,12
_U200V50,16
_U200V50,14
_U200V50,18
_U200V50,11
_U200V50,11
_U200V50,11
_U200V50,11
_U200V50,11
_U200V50,11
_U200V50,11
_U200V50,13
_U200V50,18
_U200V50,13
_U200V50,11
_U200V50,11
_U200V50,10
_U200V50,10
_U200V50,11
_U200V50,11
_U200V50,11
_U200V50,10
_U200V50,12
_U200V50,11
_U200V50,13
_U200V50,11
_U200V50,11
_U200V50,11
_U200V50,11
_U200V50,11
_U200V50,11
_U200V50,11
_U200V50,10
_U200V50,11
_U200V50,11
_U200V50,11
_U200V50,14
_U200V50,15
_U200V50,17
_U200V50,11
_U200V50,11
_U200V50,11
_U200V50,11
_U200V50,11
_U200V50,10
_U200V50,11
_U200V50,11
_U200V50,11
_U200V50,10
_U200V50,11
_U200V50,11
_U200V50,11
_U200V50,16
_U200V50,16
_U200V50,21
_U200V50,13
_U200V50,18
_U200V50,18
_U200V50,12
_U200V50,12
_U200V50,12
_U200V50,16
_U200V50,19
_U200V50,15
_U200V50,13
_U200V50,11
_U200V50,13
_U200V50,11
_U200V50,11
_U200V50,11
_U200V50,11
_U200V50,14
_U200V50,11
_U200V50,10
_U200V50,10
_U200V50,11
_U200V50,27
_U200V50,12
_U200V50,28
_U200V50,18
_U200V50,16
_U200V50,12
_U200V50,11
_U200V50,11
_U200V50,10
_U200V50,12
_U200V50,11
_U200V50,11
_U200V50,10
_U200V50,11
_U200V50,11
_U200V50,10
_U200V50,12
_U200V50,11
_U200V50,11
_U200V50,11
_U200V50,10
_U200V50,11
_U200V50,11
_U200V50,11
_U200V50,11
_U200V50,16
_U200V50,11
_U200V50,11
_U200V50,11
_U200V50,11
_U200V50,11
_U200V50,11
_U200V50,11
_U200V50,11
_U200V50,11
_U200V50,10
_U200V50,11
_U200V50,11
_U200V50,11
_U200V50,10
_U200V50,11
_U200V50,13
_U200V50,11
_U200V50,11
_U200V50,10
_U200V50,13
_U200V50,11
_U200V50,12
_U200V50,10
_U200V50,11
_U200V50,11
_U200V50,11
_U200V50,12
_U200V50,11
_U200V50,11
_U200V50,10
_U200V50,11
_U200V50,11
_U200V50,10
_U200V50,11
_U200V50,11
_U200V50,10
_U200V50,12
_U200V50,12
_U200V50,11
_U200V50,11
_U200V50,10
_U200V50,11
_U200V50,11
_U200V50,11
_U200V50,10
_U200V50,11
_U200V50,10
_U200V50,11
_U200V50,12
_U200V50,11
_U200V50,28
_U200V50,164
_U200V50,36
_U200V50,37
_U200V50,23
_U200V50,27
_U200V50,24
_U200V50,32
_U200V50,29
_U200V50,23
_U200V50,30
_U200V50,23
_U200V50,21
_U200V50,27
_U200V50,25
_U200V50,18
_U200V50,14
_U200V50,16
_U200V50,14
_U200V50,14
_U200V50,13
_U200V50,21
_U200V50,15
_U200V50,25
_U200V50,17
_U200V50,20
_U200V50,14
_U200V50,14
_U200V50,15
_U200V50,21
_U200V50,20
_U200V50,15
_U200V50,17
_U200V50,13
_U200V50,19
_U200V50,15
_U200V50,13
_U200V50,14
_U200V50,15
_U200V50,19
_U200V50,34
_U200V50,30
_U200V50,23
_U200V50,56
_U200V50,54
_U200V50,81
_U200V50,72
_U200V50,50
_U200V50,52
_U200V50,27
_U200V50,18
_U200V50,11
_U200V50,10
_U200V50,11
_U200V50,11
_U200V50,10
_U200V50,10
_U200V50,11
_U200V50,13
_U200V50,12
_U200V50,11
_U200V50,10
_U200V50,10
_U200V50,11
_U200V50,10
_U200V50,10
_U200V50,11
_U200V50,10
_U200V50,10
_U200V50,11
_U200V50,12
_U200V50,11
_U200V50,13
_U200V50,12
_U200V50,11
_U200V50,11
_U200V50,10
_U200V50,10
_U200V50,11
_U200V50,11
_U200V50,10
_U200V50,10
_U200V50,11
_U200V50,10
_U200V50,10
_U200V50,10
_U200V50,12
_U200V50,14
_U200V50,10
_U200V50,10
_U200V50,10
_U200V50,10
_U200V50,11
_U200V50,10
_U200V50,10
_U200V50,11
_U200V50,13
_U200V50,13
_U200V50,17
_U200V50,15
_U200V50,27
_U200V50,12
_U200V50,17
_U200V50,15
_U200V50,11
